{"cameraMode":{"drawMode":0,"name":"Shaded","section":"Shading Mode"},"sceneLighting":false,"audioPlay":false,"sceneViewState":{"m_AlwaysRefresh":false,"showFog":true,"showSkybox":false,"showFlares":true,"showImageEffects":true,"showParticleSystems":true,"showVisualEffectGraphs":true,"m_FxEnabled":true},"in2DMode":false,"pivot":{"x":-0.009282833896577359,"y":0.17999500036239625,"z":19.077556610107423},"rotation":{"x":-0.1031009703874588,"y":0.5410571098327637,"z":-0.06708113849163056,"w":-0.8319879174232483},"size":19.078418731689454,"orthographic":false}